'AI Level 1c Throttle: Follow Distance: 0',10,0,13.43607,-1,-1,-1,-1,-1
'AI Level 1c Throttle: Follow Distance: 4',10,148.9631,13.57565,-1,-1,-1,-1,-1
'AI Level 1c Throttle: Follow Distance: 5',11,176.3434,13.92801,-1,-1,-1,-1,-1
'AI Level 1c Throttle: Follow Distance: 3',11,171.6084,14.14822,-1,-1,-1,-1,-1
'AI Level 1c Throttle: Follow Distance: 1',14,198.9279,15.85804,-1,-1,-1,-1,-1
'AI Level 1c Throttle: Follow Distance: 2',22,325.3293,32.7014,28.7047,-1,-1,-1,-1
'AI Level 1c Throttle: Follow Distance: 38',62,990.55,42.96242,15.38621,17.04128,-1,-1,-1
'AI Level 1c Throttle: Follow Distance: 24',59,1020.737,44.71301,16.12317,19.30298,-1,-1,-1
'AI Level 1c Throttle: Follow Distance: 16',59,923.9328,46.35835,16.70096,19.96244,-1,-1,-1
'AI Level 1c Throttle: Follow Distance: 23',60,1011.083,46.46695,16.18712,19.35711,-1,-1,-1
'AI Level 1c Throttle: Follow Distance: 26',60,1010.2,47.53818,15.96168,18.88416,-1,-1,-1
'AI Level 1c Throttle: Follow Distance: 22',64,1011.349,52.16138,16.2236,19.6356,-1,-1,-1
'AI Level 1c Throttle: Follow Distance: 13',69,1106.954,56.46049,16.82865,19.77161,-1,-1,-1
'AI Level 1c Throttle: Follow Distance: 33',88,1429,58.74619,15.58759,17.37823,17.5794,8.200977,58.74619
'AI Level 1c Throttle: Follow Distance: 34',88,1429,59.69072,15.54278,17.28596,17.89759,8.964378,59.69072
'AI Level 1c Throttle: Follow Distance: 39',88,1429,60.2297,15.34722,17.03511,19.7036,8.143776,60.2297
'AI Level 1c Throttle: Follow Distance: 36',88,1429,60.5905,15.46616,17.07655,18.80193,9.245856,60.5905
'AI Level 1c Throttle: Follow Distance: 35',88,1429,61.2853,15.49961,17.20179,19.71773,8.866174,61.2853
'AI Level 1c Throttle: Follow Distance: 29',88,1429,61.36352,15.80073,18.58131,18.42541,8.556076,61.36352
'AI Level 1c Throttle: Follow Distance: 30',88,1429,61.461,15.74344,17.86508,18.25795,9.594524,61.461
'AI Level 1c Throttle: Follow Distance: 37',88,1429,61.74057,15.41886,17.04292,19.86095,9.417843,61.74057
'AI Level 1c Throttle: Follow Distance: 28',88,1429,62.04116,15.8459,19.23775,18.25505,8.702461,62.04116
'AI Level 1c Throttle: Follow Distance: 7',62,970.9368,62.2621,21.61909,25.10387,-1,-1,-1
'AI Level 1c Throttle: Follow Distance: 32',88,1429,62.44224,15.6439,17.51246,19.87152,9.414352,62.44224
'AI Level 1c Throttle: Follow Distance: 27',88,1429,63.4642,15.92659,19.15706,19.78562,8.59492,63.4642
'AI Level 1c Throttle: Follow Distance: 31',88,1429,64.14803,15.70739,17.61967,21.55849,9.262474,64.14803
'AI Level 1c Throttle: Follow Distance: 25',88,1429,64.90013,16.01918,20.18697,19.75686,8.937119,64.90013
'AI Level 1c Throttle: Follow Distance: 21',88,1429,66.50943,16.28799,21.07286,19.86617,9.282406,66.50943
'AI Level 1c Throttle: Follow Distance: 18',88,1429,68.34686,16.46383,20.71818,21.04512,10.11974,68.34686
'AI Level 1c Throttle: Follow Distance: 17',88,1429,69.12529,16.61917,21.66584,20.39463,10.44565,69.12529
'AI Level 1c Throttle: Follow Distance: 15',88,1429,69.52108,16.7816,19.99908,21.7878,10.9526,69.52108
'AI Level 1c Throttle: Follow Distance: 14',88,1429,69.62447,16.74506,20.09681,22.88016,9.902443,69.62447
'AI Level 1c Throttle: Follow Distance: 20',88,1429,70.12189,16.30124,20.96562,20.49263,12.3624,70.12189
'AI Level 1c Throttle: Follow Distance: 19',88,1429,71.48866,16.46383,21.25984,21.527,12.23798,71.48866
'AI Level 1c Throttle: Follow Distance: 10',88,1429,72.12397,18.06573,20.89896,21.96703,11.19225,72.12397
'AI Level 1c Throttle: Follow Distance: 11',88,1429,72.25991,17.54376,20.34335,22.76376,11.60904,72.25991
'AI Level 1c Throttle: Follow Distance: 12',88,1429,73.58704,17.57056,22.33309,23.88017,9.803226,73.58704
'AI Level 1c Throttle: Follow Distance: 6',68,1102.161,75.08603,21.50275,29.68059,-1,-1,-1
'AI Level 1c Throttle: Follow Distance: 9',88,1429,76.60364,19.40446,21.79867,23.25596,12.14455,76.60364
'AI Level 1c Throttle: Follow Distance: 8',79,1278.159,78.78043,19.58547,22.83828,27.58249,-1,-1
'AI Level 1c Throttle: Follow Distance: 3',11,172.4214,14.15472,-1,-1,-1,-1,-1
'AI Level 1c Throttle: Follow Distance: 1',14,214.0995,15.92796,-1,-1,-1,-1,-1
'AI Level 1c Throttle: Follow Distance: 4',11,145.6958,17.13383,-1,-1,-1,-1,-1
'AI Level 1c Throttle: Follow Distance: 0',11,0,17.23896,-1,-1,-1,-1,-1
'AI Level 1c Throttle: Follow Distance: 5',28,418.1709,31.86838,23.16937,-1,-1,-1,-1
'AI Level 1c Throttle: Follow Distance: 2',22,324.781,32.64797,28.66342,-1,-1,-1,-1
'AI Level 1c Throttle: Follow Distance: 37',62,990.4974,43.02786,15.39235,17.13729,-1,-1,-1
'AI Level 1c Throttle: Follow Distance: 30',59,925.9196,43.14216,15.73122,17.78401,-1,-1,-1
'AI Level 1c Throttle: Follow Distance: 24',59,1020.867,44.76779,16.09063,19.34314,-1,-1,-1
'AI Level 1c Throttle: Follow Distance: 22',60,1013.553,46.54002,16.15341,19.39482,-1,-1,-1
'AI Level 1c Throttle: Follow Distance: 34',64,1012.181,48.09053,15.5541,17.33447,-1,-1,-1
'AI Level 1c Throttle: Follow Distance: 21',60,1001.929,48.64919,16.19436,21.19316,-1,-1,-1
'AI Level 1c Throttle: Follow Distance: 25',62,1000.059,49.00651,16.0266,20.22382,-1,-1,-1
'AI Level 1c Throttle: Follow Distance: 35',64,1016.454,49.78366,15.46918,17.34494,-1,-1,-1
'AI Level 1c Throttle: Follow Distance: 19',60,1018.296,49.8076,16.49113,21.28023,-1,-1,-1
'AI Level 1c Throttle: Follow Distance: 26',64,1014.99,51.46518,15.97234,20.10234,-1,-1,-1
'AI Level 1c Throttle: Follow Distance: 39',88,1429,58.99805,15.31475,17.05647,18.51825,8.108585,58.99805
'AI Level 1c Throttle: Follow Distance: 32',88,1429,59.02879,15.63465,17.61958,17.42141,8.353148,59.02879
'AI Level 1c Throttle: Follow Distance: 36',88,1429,59.95307,15.44827,17.1182,18.30221,9.084393,59.95307
'AI Level 1c Throttle: Follow Distance: 33',88,1429,60.57867,15.58996,17.47698,19.325,8.186722,60.57867
'AI Level 1c Throttle: Follow Distance: 29',88,1429,61.67889,15.77336,18.52288,18.87619,8.506454,61.67889
'AI Level 1c Throttle: Follow Distance: 38',88,1429,61.85493,15.37065,17.06071,19.89948,9.524094,61.85493
'AI Level 1c Throttle: Follow Distance: 31',88,1429,62.40883,15.66839,17.74123,20.61745,8.381752,62.40883
'AI Level 1c Throttle: Follow Distance: 28',88,1429,63.99803,15.83321,19.11629,19.59953,9.449012,63.99803
'AI Level 1c Throttle: Follow Distance: 27',88,1429,64.71267,15.88648,19.92329,19.48034,9.422566,64.71267
'AI Level 1c Throttle: Follow Distance: 11',71,1178.78,66.02509,18.11909,22.1134,-1,-1,-1
'AI Level 1c Throttle: Follow Distance: 23',88,1429,66.7868,16.17457,20.87939,19.71696,10.01588,66.7868
'AI Level 1c Throttle: Follow Distance: 20',88,1429,67.83434,16.34789,20.85901,19.84369,10.78375,67.83434
'AI Level 1c Throttle: Follow Distance: 16',88,1429,68.92821,16.5692,21.14215,21.30213,9.914726,68.92821
'AI Level 1c Throttle: Follow Distance: 14',88,1429,70.98857,16.9685,21.68288,21.4455,10.8917,70.98857
'AI Level 1c Throttle: Follow Distance: 17',88,1429,71.67403,16.54702,23.32601,21.73367,10.06734,71.67403
'AI Level 1c Throttle: Follow Distance: 18',88,1429,72.58677,16.53565,21.59602,23.40179,11.05331,72.58677
'AI Level 1c Throttle: Follow Distance: 13',88,1429,72.82777,16.89344,22.8986,22.06289,10.97285,72.82777
'AI Level 1c Throttle: Follow Distance: 15',88,1429,72.99704,16.62883,21.16189,22.80402,12.4023,72.99704
'AI Level 1c Throttle: Follow Distance: 12',88,1429,73.29042,17.03323,21.99951,24.11867,10.139,73.29042
'AI Level 1c Throttle: Follow Distance: 6',68,1086.649,74.46604,21.71003,27.39743,-1,-1,-1
'AI Level 1c Throttle: Follow Distance: 10',88,1429,74.83459,17.95189,21.69972,23.77934,11.40364,74.83459
'AI Level 1c Throttle: Follow Distance: 9',88,1429,80.2681,19.58766,23.18065,24.80084,12.69895,80.2681
'AI Level 1c Throttle: Follow Distance: 8',88,1429,87.29658,20.11222,24.39808,28.92236,13.86391,87.29658
'AI Level 1c Throttle: Follow Distance: 7',88,1429,88.95426,21.42712,25.56098,28.57976,13.38641,88.95426
'AI Level 1c Throttle: Follow Distance: 0',10,0,13.46083,-1,-1,-1,-1,-1
'AI Level 1c Throttle: Follow Distance: 4',10,147.3956,13.54847,-1,-1,-1,-1,-1
'AI Level 1c Throttle: Follow Distance: 3',12,168.721,14.86231,-1,-1,-1,-1,-1
'AI Level 1c Throttle: Follow Distance: 5',13,185.5536,15.49741,-1,-1,-1,-1,-1
'AI Level 1c Throttle: Follow Distance: 2',14,227.9834,16.28032,-1,-1,-1,-1,-1
'AI Level 1c Throttle: Follow Distance: 1',15,227.8081,18.26827,-1,-1,-1,-1,-1
'AI Level 1c Throttle: Follow Distance: 33',59,942.7982,42.17455,15.61168,17.35939,-1,-1,-1
'AI Level 1c Throttle: Follow Distance: 39',63,992.3432,43.72478,15.32716,17.04974,-1,-1,-1
'AI Level 1c Throttle: Follow Distance: 25',59,1000.21,45.50384,16.06968,20.05584,-1,-1,-1
'AI Level 1c Throttle: Follow Distance: 26',60,1022.52,45.80508,15.97612,18.83093,-1,-1,-1
'AI Level 1c Throttle: Follow Distance: 20',59,933.8584,46.22766,16.31008,20.44683,-1,-1,-1
'AI Level 1c Throttle: Follow Distance: 22',60,1009.082,46.6242,16.226,19.42918,-1,-1,-1
'AI Level 1c Throttle: Follow Distance: 23',61,1001.409,48.85771,16.21051,20.91937,-1,-1,-1
'AI Level 1c Throttle: Follow Distance: 19',60,1003.509,49.60568,16.42666,21.20286,-1,-1,-1
'AI Level 1c Throttle: Follow Distance: 35',88,1429,59.38743,15.51059,17.18598,17.87787,8.812995,59.38743
'AI Level 1c Throttle: Follow Distance: 31',88,1429,60.21003,15.69369,17.61574,18.52798,8.372608,60.21003
'AI Level 1c Throttle: Follow Distance: 34',88,1429,60.63023,15.54773,17.26647,18.6969,9.119124,60.63023
'AI Level 1c Throttle: Follow Distance: 32',88,1429,61.02889,15.62678,17.50455,19.43876,8.458809,61.02889
'AI Level 1c Throttle: Follow Distance: 30',88,1429,61.64624,15.72582,17.94956,19.53445,8.4364,61.64624
'AI Level 1c Throttle: Follow Distance: 12',71,1177.433,62.40928,16.918,21.91238,-1,-1,-1
'AI Level 1c Throttle: Follow Distance: 36',88,1429,62.5264,15.47418,17.09578,20.90437,9.052071,62.5264
'AI Level 1c Throttle: Follow Distance: 38',88,1429,62.5264,15.38954,17.03669,20.3817,9.718467,62.5264
'AI Level 1c Throttle: Follow Distance: 37',88,1429,63.09165,15.42889,17.06802,22.39671,8.198028,63.09165
'AI Level 1c Throttle: Follow Distance: 29',88,1429,63.95362,15.79762,18.87194,19.7844,9.499652,63.95362
'AI Level 1c Throttle: Follow Distance: 28',88,1429,64.22557,15.86946,19.05716,19.86469,9.434258,64.22557
'AI Level 1c Throttle: Follow Distance: 27',88,1429,65.00941,15.93493,20.04217,19.60828,9.424031,65.00941
'AI Level 1c Throttle: Follow Distance: 24',88,1429,66.09662,16.13132,20.86086,20.19594,8.908497,66.09662
'AI Level 1c Throttle: Follow Distance: 21',88,1429,67.1858,16.24758,21.04412,20.71903,9.17506,67.1858
'AI Level 1c Throttle: Follow Distance: 16',88,1429,68.1669,16.64668,19.82401,21.77865,9.917553,68.1669
'AI Level 1c Throttle: Follow Distance: 15',88,1429,68.19421,16.79446,19.67624,21.47729,10.24622,68.19421
'AI Level 1c Throttle: Follow Distance: 14',88,1429,68.72978,16.6891,19.75717,22.62431,9.659203,68.72978
'AI Level 1c Throttle: Follow Distance: 13',88,1429,69.75658,16.81061,20.33587,21.50954,11.10056,69.75658
'AI Level 1c Throttle: Follow Distance: 18',88,1429,70.36794,16.56898,19.80612,22.39668,11.59616,70.36794
'AI Level 1c Throttle: Follow Distance: 17',88,1429,71.26836,16.64668,21.20173,21.53902,11.88093,71.26836
'AI Level 1c Throttle: Follow Distance: 11',88,1429,72.18718,17.82939,20.54045,22.16157,11.65576,72.18718
'AI Level 1c Throttle: Follow Distance: 10',88,1429,73.9323,17.86841,21.13782,23.20078,11.72529,73.9323
'AI Level 1c Throttle: Follow Distance: 6',68,1102.735,74.66449,22.51151,27.50287,-1,-1,-1
'AI Level 1c Throttle: Follow Distance: 7',73,1174.482,75.38442,21.04617,24.10552,-1,-1,-1
'AI Level 1c Throttle: Follow Distance: 9',88,1429,77.29644,18.54679,22.60213,24.1796,11.96792,77.29644
'AI Level 1c Throttle: Follow Distance: 8',88,1429,84.40824,20.16908,23.54403,27.95544,12.7397,84.40824
'AI Level 1c Throttle: Follow Distance: 3',11,153.9553,14.1883,-1,-1,-1,-1,-1
'AI Level 1c Throttle: Follow Distance: 6',13,186.2242,16.49594,-1,-1,-1,-1,-1
'AI Level 1c Throttle: Follow Distance: 2',14,232.1556,16.71461,-1,-1,-1,-1,-1
'AI Level 1c Throttle: Follow Distance: 4',11,151.3212,17.05666,-1,-1,-1,-1,-1
'AI Level 1c Throttle: Follow Distance: 0',11,0,17.13432,-1,-1,-1,-1,-1
'AI Level 1c Throttle: Follow Distance: 1',18,273.2667,25.37098,-1,-1,-1,-1,-1
'AI Level 1c Throttle: Follow Distance: 33',59,932.937,42.05088,15.57837,17.38379,-1,-1,-1
'AI Level 1c Throttle: Follow Distance: 36',61,995.3904,42.53093,15.45375,17.0891,-1,-1,-1
'AI Level 1c Throttle: Follow Distance: 35',62,991.5156,43.40543,15.49497,17.20135,-1,-1,-1
'AI Level 1c Throttle: Follow Distance: 17',58,925.4496,44.70846,16.55394,19.78543,-1,-1,-1
'AI Level 1c Throttle: Follow Distance: 25',59,946.854,45.51011,16.0379,20.17622,-1,-1,-1
'AI Level 1c Throttle: Follow Distance: 22',60,1007.661,46.68748,16.21852,19.52163,-1,-1,-1
'AI Level 1c Throttle: Follow Distance: 23',60,1013.569,46.77575,16.1787,19.41532,-1,-1,-1
'AI Level 1c Throttle: Follow Distance: 26',60,1000.411,47.27069,15.97692,20.18011,-1,-1,-1
'AI Level 1c Throttle: Follow Distance: 16',60,998.356,47.82851,16.6542,19.9237,-1,-1,-1
'AI Level 1c Throttle: Follow Distance: 24',61,997.921,48.4382,16.11745,20.60104,-1,-1,-1
'AI Level 1c Throttle: Follow Distance: 9',58,1003.419,51.49007,19.33466,23.18489,-1,-1,-1
'AI Level 1c Throttle: Follow Distance: 32',88,1429,59.61979,15.64087,17.47184,18.21059,8.296493,59.61979
'AI Level 1c Throttle: Follow Distance: 39',88,1429,61.34187,15.33419,17.01888,19.92251,9.066281,61.34187
'AI Level 1c Throttle: Follow Distance: 37',88,1429,61.58011,15.42223,17.05181,19.58704,9.519028,61.58011
'AI Level 1c Throttle: Follow Distance: 29',88,1429,62.03559,15.77483,18.71973,18.42302,9.118022,62.03559
'AI Level 1c Throttle: Follow Distance: 31',88,1429,62.26334,15.67401,17.60155,19.62123,9.366558,62.26334
'AI Level 1c Throttle: Follow Distance: 38',88,1429,62.45499,15.35548,17.06158,20.38079,9.657131,62.45499
'AI Level 1c Throttle: Follow Distance: 30',88,1429,62.7841,15.73679,17.87735,19.84719,9.322769,62.7841
'AI Level 1c Throttle: Follow Distance: 27',88,1429,63.06187,15.89814,19.03842,18.703,9.422313,63.06187
'AI Level 1c Throttle: Follow Distance: 28',88,1429,63.47703,15.83607,18.80008,19.39742,9.443466,63.47703
'AI Level 1c Throttle: Follow Distance: 34',88,1429,63.96716,15.55883,17.25972,21.58331,9.565309,63.96716
'AI Level 1c Throttle: Follow Distance: 20',88,1429,66.99335,16.3793,21.17337,19.79027,9.650414,66.99335
'AI Level 1c Throttle: Follow Distance: 21',88,1429,67.28045,16.26088,21.07321,19.78011,10.16624,67.28045
'AI Level 1c Throttle: Follow Distance: 19',88,1429,68.23788,16.39909,19.55741,20.24542,12.03595,68.23788
'AI Level 1c Throttle: Follow Distance: 14',88,1429,69.05718,16.6752,20.06289,22.33958,9.979504,69.05718
'AI Level 1c Throttle: Follow Distance: 15',88,1429,69.59637,16.78145,19.97759,21.91785,10.91947,69.59637
'AI Level 1c Throttle: Follow Distance: 18',88,1429,70.21381,16.53968,21.23961,21.51933,10.91519,70.21381
'AI Level 1c Throttle: Follow Distance: 13',88,1429,70.32433,16.79531,20.26519,22.31651,10.94732,70.32433
'AI Level 1c Throttle: Follow Distance: 11',88,1429,72.16129,17.45529,20.92218,22.49581,11.28801,72.16129
'AI Level 1c Throttle: Follow Distance: 10',88,1429,72.24075,17.77609,20.67753,23.16743,10.6197,72.24075
'AI Level 1c Throttle: Follow Distance: 4',10,145.2148,13.43485,-1,-1,-1,-1,-1
'AI Level 1c Throttle: Follow Distance: 0',10,0,13.48053,-1,-1,-1,-1,-1
'AI Level 1c Throttle: Follow Distance: 3',11,162.6322,14.18059,-1,-1,-1,-1,-1
'AI Level 1c Throttle: Follow Distance: 2',14,232.1284,16.60302,-1,-1,-1,-1,-1
'AI Level 1c Throttle: Follow Distance: 1',22,326.1769,35.91265,31.91901,-1,-1,-1,-1
'AI Level 1c Throttle: Follow Distance: 33',59,1020.484,42.00207,15.58108,17.36506,-1,-1,-1
'AI Level 1c Throttle: Follow Distance: 38',62,990.9141,42.90211,15.35934,17.04716,-1,-1,-1
'AI Level 1c Throttle: Follow Distance: 18',59,1019.736,45.98077,16.42398,19.77637,-1,-1,-1
'AI Level 1c Throttle: Follow Distance: 22',60,1005.058,46.65751,16.22305,19.41594,-1,-1,-1
'AI Level 1c Throttle: Follow Distance: 23',61,1008.438,46.65751,16.16238,19.42363,-1,-1,-1
'AI Level 1c Throttle: Follow Distance: 25',61,1000.859,47.19635,16.03857,20.32141,-1,-1,-1
'AI Level 1c Throttle: Follow Distance: 9',58,930.9633,51.52478,19.33995,23.06295,-1,-1,-1
'AI Level 1c Throttle: Follow Distance: 39',88,1429,58.55943,15.3465,17.01852,18.2422,7.952206,58.55943
'AI Level 1c Throttle: Follow Distance: 35',88,1429,59.54647,15.50083,17.18421,17.92218,8.93925,59.54647
'AI Level 1c Throttle: Follow Distance: 31',88,1429,60.60799,15.68221,17.60038,18.94435,8.381046,60.60799
'AI Level 1c Throttle: Follow Distance: 30',88,1429,60.78328,15.72341,17.78072,18.8449,8.434241,60.78328
'AI Level 1c Throttle: Follow Distance: 34',88,1429,60.94896,15.56094,17.25909,19.14588,8.98306,60.94896
'AI Level 1c Throttle: Follow Distance: 29',88,1429,61.68344,15.77874,18.76022,18.60722,8.537265,61.68344
'AI Level 1c Throttle: Follow Distance: 37',88,1429,61.73911,15.4011,17.05782,19.86278,9.417404,61.73911
'AI Level 1c Throttle: Follow Distance: 32',88,1429,61.90506,15.62326,17.48194,19.62313,9.176736,61.90506
'AI Level 1c Throttle: Follow Distance: 36',88,1429,63.72476,15.46659,17.09657,21.6557,9.505905,63.72476
'AI Level 1c Throttle: Follow Distance: 28',88,1429,64.42375,15.84301,19.37906,19.74027,9.461417,64.42375
'AI Level 1c Throttle: Follow Distance: 26',88,1429,64.58699,15.96617,20.12067,19.00069,9.499454,64.58699
'AI Level 1c Throttle: Follow Distance: 27',88,1429,64.90134,15.9072,19.8975,19.5952,9.501446,64.90134
'AI Level 1c Throttle: Follow Distance: 24',88,1429,67.02943,16.12116,20.78209,20.39524,9.730938,67.02943
'AI Level 1c Throttle: Follow Distance: 20',88,1429,67.62904,16.30363,21.05497,19.5906,10.67984,67.62904
'AI Level 1c Throttle: Follow Distance: 21',88,1429,68.08414,16.22305,21.05925,20.0162,10.78564,68.08414
'AI Level 1c Throttle: Follow Distance: 16',88,1429,69.03987,16.70505,19.87708,22.42049,10.03726,69.03987
'AI Level 1c Throttle: Follow Distance: 17',88,1429,69.16918,16.52522,21.70039,20.88345,10.06012,69.16918
'AI Level 1c Throttle: Follow Distance: 14',88,1429,69.62487,16.68241,20.11617,23.02936,9.796936,69.62487
'AI Level 1c Throttle: Follow Distance: 13',88,1429,69.68067,16.89857,19.84086,21.96706,10.97418,69.68067
'AI Level 1c Throttle: Follow Distance: 19',88,1429,69.74826,16.50433,21.11419,20.56479,11.56496,69.74826
'AI Level 1c Throttle: Follow Distance: 15',88,1429,71.10272,16.62762,20.01342,22.42942,12.03225,71.10272
'AI Level 1c Throttle: Follow Distance: 11',88,1429,71.46342,17.16097,20.68034,22.54008,11.08202,71.46342
'AI Level 1c Throttle: Follow Distance: 12',88,1429,72.84039,16.82892,20.37636,23.97351,11.66161,72.84039
'AI Level 1c Throttle: Follow Distance: 10',88,1429,73.22544,17.98205,21.20012,22.77742,11.26585,73.22544
'AI Level 1c Throttle: Follow Distance: 5',69,1106.028,80.43678,23.40574,28.38154,-1,-1,-1
'AI Level 1c Throttle: Follow Distance: 8',88,1429,80.74505,20.36575,23.15799,24.5604,12.66091,80.74505
'AI Level 1c Throttle: Follow Distance: 6',88,1429,94.34568,22.36557,27.14064,27.59536,17.24411,94.34568
'AI Level 1c Throttle: Follow Distance: 7',88,1429,94.98088,21.20274,25.80172,34.00069,13.97573,94.98088
'AI Level 1, throttle=.4f, angle=8f, offset=33',64,1010.837,49.50203,15.58698,17.35954,-1,-1,-1
'AI Level 1, throttle=.4f, angle=8f, offset=31',88,1429,61.68488,15.56558,17.3385,19.30054,9.480255,61.68488
'AI Level 1, throttle=.4f, angle=8f, offset=31',88,1429,60.80367,15.54543,17.37611,18.77979,9.102342,60.80367
'AI Level 1, throttle=.4f, angle=8f, offset=31',88,1429,58.13401,15.61666,17.44037,16.83782,8.239156,58.13401
'Human',18,263.4712,14.8209,-1,-1,-1,-1,-1
'AI Level 0',10,247.3544,11.21646,-1,-1,-1,-1,-1
'AI Level 0',88,0,4.002319,-1,-1,-1,-1,-1
'AI Level 0',88,0,4.009957,-1,-1,-1,-1,-1
'AI Level 0',4,52.11092,11.07817,-1,-1,-1,-1,-1
'AI Level 0',10,196.9021,15.3439,-1,-1,-1,-1,-1
'AI Level 0',12,255.2483,14.23171,-1,-1,-1,-1,-1
'AI Level 1, throttle=.4f, angle=8f, offset=31',88,0,4.027518,-1,-1,-1,-1,-1
'AI Level 1, throttle=.4f, angle=8f, offset=31',88,0,4.01463,-1,-1,-1,-1,-1
'AI Level 1, throttle=.4f, angle=8f, offset=31',88,0,4.032934,-1,-1,-1,-1,-1
'AI Level 1c Throttle: Follow Distance: 39',88,3.865498,4.024761,-1,-1,-1,-1,-1
'AI Level 1c Throttle: Follow Distance: 5',6,81.245,10.82608,-1,-1,-1,-1,-1
'AI Level 1c Throttle: Follow Distance: 6',7,103.1216,11.0942,-1,-1,-1,-1,-1
'AI Level 1c Throttle: Follow Distance: 9',7,98.51836,11.0942,-1,-1,-1,-1,-1
'AI Level 1c Throttle: Follow Distance: 10',7,95.25088,11.0942,-1,-1,-1,-1,-1
'AI Level 1c Throttle: Follow Distance: 1',7,85.16128,11.58611,-1,-1,-1,-1,-1
'AI Level 1c Throttle: Follow Distance: 2',7,84.19734,11.58611,-1,-1,-1,-1,-1
'AI Level 1c Throttle: Follow Distance: 3',7,83.07004,11.79478,-1,-1,-1,-1,-1
'AI Level 1c Throttle: Follow Distance: 4',7,86.25994,12.00969,-1,-1,-1,-1,-1
'AI Level 1c Throttle: Follow Distance: 18',9,117.1439,12.42822,-1,-1,-1,-1,-1
'AI Level 1c Throttle: Follow Distance: 11',9,138.2168,12.85108,-1,-1,-1,-1,-1
'AI Level 1c Throttle: Follow Distance: 13',9,140.7261,12.85108,-1,-1,-1,-1,-1
'AI Level 1c Throttle: Follow Distance: 15',9,133.9053,12.85108,-1,-1,-1,-1,-1
'AI Level 1c Throttle: Follow Distance: 24',9,123.203,12.85108,-1,-1,-1,-1,-1
'AI Level 1c Throttle: Follow Distance: 25',9,134.8048,12.85108,-1,-1,-1,-1,-1
'AI Level 1c Throttle: Follow Distance: 21',10,130.1054,13.06538,-1,-1,-1,-1,-1
'AI Level 1c Throttle: Follow Distance: 26',9,132.0969,13.06538,-1,-1,-1,-1,-1
'AI Level 1c Throttle: Follow Distance: 8',9,109.7741,13.47607,-1,-1,-1,-1,-1
'AI Level 1c Throttle: Follow Distance: 23',10,142.2212,13.6712,-1,-1,-1,-1,-1
'AI Level 1c Throttle: Follow Distance: 29',9,124.648,13.6712,-1,-1,-1,-1,-1
'AI Level 1c Throttle: Follow Distance: 17',11,150.6094,14.04496,-1,-1,-1,-1,-1
'AI Level 1c Throttle: Follow Distance: 7',11,145.4151,14.44451,-1,-1,-1,-1,-1
'AI Level 1c Throttle: Follow Distance: 14',11,142.5309,14.44451,-1,-1,-1,-1,-1
'AI Level 1c Throttle: Follow Distance: 19',12,156.4721,14.63921,-1,-1,-1,-1,-1
'AI Level 1c Throttle: Follow Distance: 20',12,156.7201,14.63921,-1,-1,-1,-1,-1
'AI Level 1c Throttle: Follow Distance: 31',11,162.3371,14.82984,-1,-1,-1,-1,-1
'AI Level 1c Throttle: Follow Distance: 33',13,182.7959,14.82984,-1,-1,-1,-1,-1
'AI Level 1 Throttle: 1 / 100',88,0,4.003764,-1,-1,-1,-1,-1
'AI Level 1 Throttle: 2 / 100',88,0,4.003764,-1,-1,-1,-1,-1
'AI Level 1 Throttle: 3 / 100',88,0,4.003764,-1,-1,-1,-1,-1
'AI Level 1 Throttle: 4 / 100',88,0,4.003764,-1,-1,-1,-1,-1
'AI Level 1 Throttle: 5 / 100',88,0,4.003764,-1,-1,-1,-1,-1
'AI Level 1 Throttle: 6 / 100',88,0,4.003764,-1,-1,-1,-1,-1
'AI Level 1 Throttle: 7 / 100',88,0,4.003764,-1,-1,-1,-1,-1
'AI Level 1 Throttle: 8 / 100',88,0,4.003764,-1,-1,-1,-1,-1
'AI Level 1 Throttle: 9 / 100',88,0,4.003764,-1,-1,-1,-1,-1
'AI Level 1 Throttle: 10 / 100',88,0,4.003764,-1,-1,-1,-1,-1
'AI Level 1 Throttle: 11 / 100',88,0,4.003764,-1,-1,-1,-1,-1
'AI Level 1 Throttle: 12 / 100',88,0,4.003764,-1,-1,-1,-1,-1
'AI Level 1 Throttle: 13 / 100',88,0,4.003764,-1,-1,-1,-1,-1
'AI Level 1 Throttle: 14 / 100',88,0,4.003764,-1,-1,-1,-1,-1
'AI Level 1 Throttle: 15 / 100',88,0,4.003764,-1,-1,-1,-1,-1
'AI Level 1 Throttle: 16 / 100',88,0,4.003764,-1,-1,-1,-1,-1
'AI Level 1 Throttle: 17 / 100',88,0,4.003764,-1,-1,-1,-1,-1
'AI Level 1 Throttle: 18 / 100',88,0,4.003764,-1,-1,-1,-1,-1
'AI Level 1 Throttle: 19 / 100',88,0,4.003764,-1,-1,-1,-1,-1
'AI Level 1 Throttle: 20 / 100',88,0.9005913,4.003764,-1,-1,-1,-1,-1
'AI Level 1 Throttle: 21 / 100',88,0.8541467,4.003764,-1,-1,-1,-1,-1
'AI Level 1c Throttle: Follow Distance: 0',11,0,15.22871,-1,-1,-1,-1,-1
'AI Level 1c Throttle: Follow Distance: 28',10,144.419,15.22871,-1,-1,-1,-1,-1
'AI Level 1c Throttle: Follow Distance: 36',11,163.0091,15.61084,-1,-1,-1,-1,-1
'AI Level 1c Throttle: Follow Distance: 37',14,202.7445,15.61084,-1,-1,-1,-1,-1
'AI Level 1c Throttle: Follow Distance: 16',11,155.2382,15.80466,-1,-1,-1,-1,-1
'AI Level 1c Throttle: Follow Distance: 30',10,142.2847,15.80466,-1,-1,-1,-1,-1
'AI Level 1c Throttle: Follow Distance: 32',13,171.7548,15.80466,-1,-1,-1,-1,-1
'AI Level 1c Throttle: Follow Distance: 35',13,180.5394,15.80466,-1,-1,-1,-1,-1
'AI Level 1c Throttle: Follow Distance: 38',15,207.471,15.80466,-1,-1,-1,-1,-1
'AI Level 1c Throttle: Follow Distance: 34',14,191.2839,16.3786,-1,-1,-1,-1,-1
'AI Level 1c Throttle: Follow Distance: 27',10,143.8901,16.80079,-1,-1,-1,-1,-1
'AI Level 1 Throttle: 5 / 10, Angle: 5 / 2.5',7,98.19495,10.39743,-1,-1,-1,-1,-1
'AI Level 1 Throttle: 5 / 10, Angle: 6 / 2.5',7,97.92415,10.39743,-1,-1,-1,-1,-1
'AI Level 1 Throttle: 5 / 10, Angle: 7 / 2.5',7,98.57063,10.39743,-1,-1,-1,-1,-1
'AI Level 1 Throttle: 5 / 10, Angle: 8 / 2.5',7,101.3034,10.39743,-1,-1,-1,-1,-1
'AI Level 1 Throttle: 5 / 10, Angle: 9 / 2.5',7,102.633,10.39743,-1,-1,-1,-1,-1
'AI Level 1 Throttle: 5 / 10, Angle: 10 / 2.5',7,101.3502,10.39743,-1,-1,-1,-1,-1
'AI Level 1c Throttle: Follow Distance: 12',10,138.9707,17.01695,-1,-1,-1,-1,-1
'AI Level 1c Throttle: Follow Distance: 22',11,151.0126,17.01695,-1,-1,-1,-1,-1
'AI Level 1 Throttle: 5 / 10, Angle: 1 / 2.5',7,100.0396,10.61359,-1,-1,-1,-1,-1
'AI Level 1 Throttle: 5 / 10, Angle: 2 / 2.5',7,100.0493,10.61359,-1,-1,-1,-1,-1
'AI Level 1 Throttle: 5 / 10, Angle: 3 / 2.5',7,96.38661,10.61359,-1,-1,-1,-1,-1
'AI Level 1 Throttle: 5 / 10, Angle: 4 / 2.5',7,101.0878,10.61359,-1,-1,-1,-1,-1
'AI Level 1 Throttle: 4 / 10, Angle: 18 / 2.5',7,99.83955,11.06144,-1,-1,-1,-1,-1
'AI Level 1 Throttle: 4 / 10, Angle: 19 / 2.5',7,104.5724,11.06144,-1,-1,-1,-1,-1
'AI Level 1 Throttle: 4 / 10, Angle: 20 / 2.5',7,103.2531,11.06144,-1,-1,-1,-1,-1
'AI Level 1 Throttle: 4 / 10, Angle: 1 / 2.5',7,81.11426,11.28408,-1,-1,-1,-1,-1
'AI Level 1 Throttle: 4 / 10, Angle: 2 / 2.5',7,81.11426,11.28408,-1,-1,-1,-1,-1
'AI Level 1 Throttle: 4 / 10, Angle: 3 / 2.5',7,89.87646,11.28408,-1,-1,-1,-1,-1
'AI Level 1 Throttle: 4 / 10, Angle: 4 / 2.5',7,86.03877,11.28408,-1,-1,-1,-1,-1
'AI Level 1 Throttle: 4 / 10, Angle: 5 / 2.5',7,90.84338,11.28408,-1,-1,-1,-1,-1
'AI Level 1 Throttle: 4 / 10, Angle: 6 / 2.5',7,92.40482,11.28408,-1,-1,-1,-1,-1
'AI Level 1 Throttle: 4 / 10, Angle: 7 / 2.5',7,97.84225,11.28408,-1,-1,-1,-1,-1
'AI Level 1 Throttle: 4 / 10, Angle: 8 / 2.5',7,97.15509,11.28408,-1,-1,-1,-1,-1
'AI Level 1 Throttle: 4 / 10, Angle: 9 / 2.5',7,94.89188,11.28408,-1,-1,-1,-1,-1
'AI Level 1 Throttle: 4 / 10, Angle: 10 / 2.5',7,99.2755,11.28408,-1,-1,-1,-1,-1
'AI Level 1 Throttle: 4 / 10, Angle: 11 / 2.5',7,97.6318,11.28408,-1,-1,-1,-1,-1
'AI Level 1 Throttle: 4 / 10, Angle: 12 / 2.5',7,97.59642,11.28408,-1,-1,-1,-1,-1
'AI Level 1 Throttle: 4 / 10, Angle: 13 / 2.5',7,96.36841,11.28408,-1,-1,-1,-1,-1
'AI Level 1 Throttle: 4 / 10, Angle: 14 / 2.5',7,100.3247,11.28408,-1,-1,-1,-1,-1
'AI Level 1 Throttle: 4 / 10, Angle: 15 / 2.5',7,100.5014,11.28408,-1,-1,-1,-1,-1
'AI Level 1 Throttle: 4 / 10, Angle: 16 / 2.5',7,99.31141,11.28408,-1,-1,-1,-1,-1
'AI Level 1 Throttle: 4 / 10, Angle: 17 / 2.5',7,101.0702,11.28408,-1,-1,-1,-1,-1
'AI Level 1 Throttle: 5 / 10, Angle: 23 / 2.5',8,101.8428,11.28408,-1,-1,-1,-1,-1
'AI Level 1 Throttle: 5 / 10, Angle: 24 / 2.5',8,105.7098,11.28408,-1,-1,-1,-1,-1
'AI Level 1 Throttle: 5 / 10, Angle: 25 / 2.5',8,107.4218,11.28408,-1,-1,-1,-1,-1
'AI Level 1 Throttle: 5 / 10, Angle: 26 / 2.5',8,105.1664,11.28408,-1,-1,-1,-1,-1
'AI Level 1 Throttle: 5 / 10, Angle: 27 / 2.5',8,104.4981,11.28408,-1,-1,-1,-1,-1
'AI Level 1 Throttle: 5 / 10, Angle: 28 / 2.5',8,106.0096,11.28408,-1,-1,-1,-1,-1
'AI Level 1 Throttle: 5 / 10, Angle: 29 / 2.5',8,104.1618,11.28408,-1,-1,-1,-1,-1
'AI Level 1 Throttle: 5 / 10, Angle: 30 / 2.5',8,107.8538,11.28408,-1,-1,-1,-1,-1
'AI Level 1 Throttle: 5 / 10, Angle: 31 / 2.5',8,111.8461,11.28408,-1,-1,-1,-1,-1
'AI Level 1 Throttle: 5 / 10, Angle: 32 / 2.5',8,111.6233,11.28408,-1,-1,-1,-1,-1
'AI Level 1 Throttle: 5 / 10, Angle: 33 / 2.5',8,110.1432,11.28408,-1,-1,-1,-1,-1
'AI Level 1 Throttle: 5 / 10, Angle: 34 / 2.5',8,114.8546,11.28408,-1,-1,-1,-1,-1
'AI Level 1 Throttle: 5 / 10, Angle: 35 / 2.5',8,109.6706,11.28408,-1,-1,-1,-1,-1
'AI Level 1 Throttle: 5 / 10, Angle: 36 / 2.5',8,109.274,11.28408,-1,-1,-1,-1,-1
'AI Level 1 Throttle: 5 / 10, Angle: 37 / 2.5',8,111.2662,11.28408,-1,-1,-1,-1,-1
'AI Level 1 Throttle: 5 / 10, Angle: 38 / 2.5',8,114.7765,11.28408,-1,-1,-1,-1,-1
'AI Level 1 Throttle: 5 / 10, Angle: 39 / 2.5',8,111.1871,11.28408,-1,-1,-1,-1,-1
'AI Level 1 Throttle: 3 / 10, Angle: 7 / 2.5',6,75.93274,11.55641,-1,-1,-1,-1,-1
'AI Level 1 Throttle: 3 / 10, Angle: 8 / 2.5',6,75.90028,11.55641,-1,-1,-1,-1,-1
'AI Level 1 Throttle: 3 / 10, Angle: 9 / 2.5',6,76.37883,11.55641,-1,-1,-1,-1,-1
'AI Level 1 Throttle: 3 / 10, Angle: 10 / 2.5',6,76.51091,11.55641,-1,-1,-1,-1,-1
'AI Level 1 Throttle: 3 / 10, Angle: 11 / 2.5',6,76.39661,11.55641,-1,-1,-1,-1,-1
'AI Level 1 Throttle: 3 / 10, Angle: 12 / 2.5',6,76.51313,11.55641,-1,-1,-1,-1,-1
'AI Level 1 Throttle: 5 / 10, Angle: 17 / 2.5',8,102.1431,11.55641,-1,-1,-1,-1,-1
'AI Level 1 Throttle: 5 / 10, Angle: 18 / 2.5',8,105.6074,11.55641,-1,-1,-1,-1,-1
'AI Level 1 Throttle: 5 / 10, Angle: 19 / 2.5',8,109.9132,11.55641,-1,-1,-1,-1,-1
'AI Level 1 Throttle: 5 / 10, Angle: 20 / 2.5',8,105.4644,11.55641,-1,-1,-1,-1,-1
'AI Level 1 Throttle: 5 / 10, Angle: 21 / 2.5',8,106.1412,11.55641,-1,-1,-1,-1,-1
'AI Level 1 Throttle: 5 / 10, Angle: 22 / 2.5',8,107.752,11.55641,-1,-1,-1,-1,-1
'AI Level 1 Throttle: 3 / 10, Angle: 1 / 2.5',6,79.05572,11.8205,-1,-1,-1,-1,-1
'AI Level 1 Throttle: 3 / 10, Angle: 2 / 2.5',6,79.05572,11.8205,-1,-1,-1,-1,-1
'AI Level 1 Throttle: 3 / 10, Angle: 3 / 2.5',6,79.6628,11.8205,-1,-1,-1,-1,-1
'AI Level 1 Throttle: 3 / 10, Angle: 4 / 2.5',6,75.64761,11.8205,-1,-1,-1,-1,-1
'AI Level 1 Throttle: 3 / 10, Angle: 5 / 2.5',6,75.71308,11.8205,-1,-1,-1,-1,-1
'AI Level 1 Throttle: 3 / 10, Angle: 6 / 2.5',6,76.05089,11.8205,-1,-1,-1,-1,-1
'AI Level 1 Throttle: 5 / 10, Angle: 14 / 2.5',8,106.4339,11.8205,-1,-1,-1,-1,-1
'AI Level 1 Throttle: 5 / 10, Angle: 15 / 2.5',8,103.8765,11.8205,-1,-1,-1,-1,-1
'AI Level 1 Throttle: 5 / 10, Angle: 16 / 2.5',8,106.23,11.8205,-1,-1,-1,-1,-1
'AI Level 1 Throttle: 3 / 10, Angle: 26 / 2.5',7,92.19993,12.08338,-1,-1,-1,-1,-1
'AI Level 1 Throttle: 3 / 10, Angle: 27 / 2.5',7,92.77316,12.08338,-1,-1,-1,-1,-1
'AI Level 1 Throttle: 3 / 10, Angle: 28 / 2.5',7,97.1455,12.08338,-1,-1,-1,-1,-1
'AI Level 1 Throttle: 3 / 10, Angle: 29 / 2.5',7,91.6099,12.08338,-1,-1,-1,-1,-1
'AI Level 1 Throttle: 3 / 10, Angle: 30 / 2.5',7,91.81195,12.08338,-1,-1,-1,-1,-1
'AI Level 1 Throttle: 3 / 10, Angle: 31 / 2.5',7,92.90993,12.08338,-1,-1,-1,-1,-1
'AI Level 1 Throttle: 3 / 10, Angle: 32 / 2.5',7,95.93578,12.08338,-1,-1,-1,-1,-1
'AI Level 1 Throttle: 3 / 10, Angle: 33 / 2.5',7,94.52689,12.08338,-1,-1,-1,-1,-1
'AI Level 1 Throttle: 3 / 10, Angle: 34 / 2.5',7,96.35226,12.08338,-1,-1,-1,-1,-1
'AI Level 1 Throttle: 3 / 10, Angle: 35 / 2.5',7,96.31804,12.08338,-1,-1,-1,-1,-1
'AI Level 1 Throttle: 3 / 10, Angle: 36 / 2.5',7,96.79236,12.08338,-1,-1,-1,-1,-1
'AI Level 1 Throttle: 3 / 10, Angle: 37 / 2.5',7,92.54166,12.08338,-1,-1,-1,-1,-1
'AI Level 1 Throttle: 3 / 10, Angle: 38 / 2.5',7,97.14764,12.08338,-1,-1,-1,-1,-1
'AI Level 1 Throttle: 3 / 10, Angle: 39 / 2.5',7,97.61307,12.08338,-1,-1,-1,-1,-1
'AI Level 1 Throttle: 4 / 10, Angle: 31 / 2.5',8,106.0184,12.08338,-1,-1,-1,-1,-1
'AI Level 1 Throttle: 4 / 10, Angle: 32 / 2.5',8,105.5686,12.08338,-1,-1,-1,-1,-1
'AI Level 1 Throttle: 4 / 10, Angle: 33 / 2.5',8,106.1923,12.08338,-1,-1,-1,-1,-1
'AI Level 1 Throttle: 4 / 10, Angle: 34 / 2.5',8,104.5849,12.08338,-1,-1,-1,-1,-1
'AI Level 1 Throttle: 4 / 10, Angle: 35 / 2.5',8,106.1839,12.08338,-1,-1,-1,-1,-1
'AI Level 1 Throttle: 4 / 10, Angle: 36 / 2.5',8,104.4162,12.08338,-1,-1,-1,-1,-1
'AI Level 1 Throttle: 4 / 10, Angle: 37 / 2.5',8,108.9316,12.08338,-1,-1,-1,-1,-1
'AI Level 1 Throttle: 4 / 10, Angle: 38 / 2.5',8,108.6696,12.08338,-1,-1,-1,-1,-1
'AI Level 1 Throttle: 4 / 10, Angle: 39 / 2.5',8,105.6726,12.08338,-1,-1,-1,-1,-1
'AI Level 1 Throttle: 5 / 10, Angle: 11 / 2.5',8,104.3764,12.08338,-1,-1,-1,-1,-1
'AI Level 1 Throttle: 5 / 10, Angle: 12 / 2.5',8,100.3908,12.08338,-1,-1,-1,-1,-1
'AI Level 1 Throttle: 5 / 10, Angle: 13 / 2.5',8,100.6145,12.08338,-1,-1,-1,-1,-1
'AI Level 1 Throttle: 3 / 10, Angle: 18 / 2.5',7,81.3288,12.34455,-1,-1,-1,-1,-1
'AI Level 1 Throttle: 3 / 10, Angle: 19 / 2.5',7,81.49294,12.34455,-1,-1,-1,-1,-1
'AI Level 1 Throttle: 3 / 10, Angle: 20 / 2.5',7,81.73121,12.34455,-1,-1,-1,-1,-1
'AI Level 1 Throttle: 3 / 10, Angle: 21 / 2.5',7,86.19172,12.34455,-1,-1,-1,-1,-1
'AI Level 1 Throttle: 3 / 10, Angle: 22 / 2.5',7,85.85319,12.34455,-1,-1,-1,-1,-1
'AI Level 1 Throttle: 3 / 10, Angle: 23 / 2.5',7,85.87432,12.34455,-1,-1,-1,-1,-1
'AI Level 1 Throttle: 3 / 10, Angle: 24 / 2.5',7,86.0652,12.34455,-1,-1,-1,-1,-1
'AI Level 1 Throttle: 3 / 10, Angle: 25 / 2.5',7,85.17263,12.34455,-1,-1,-1,-1,-1
'AI Level 1 Throttle: 4 / 10, Angle: 25 / 2.5',8,106.0767,12.34455,-1,-1,-1,-1,-1
'AI Level 1 Throttle: 4 / 10, Angle: 26 / 2.5',8,106.9268,12.34455,-1,-1,-1,-1,-1
'AI Level 1 Throttle: 4 / 10, Angle: 27 / 2.5',8,105.0708,12.34455,-1,-1,-1,-1,-1
'AI Level 1 Throttle: 4 / 10, Angle: 28 / 2.5',8,108.3483,12.34455,-1,-1,-1,-1,-1
'AI Level 1 Throttle: 4 / 10, Angle: 29 / 2.5',8,105.1179,12.34455,-1,-1,-1,-1,-1
'AI Level 1 Throttle: 4 / 10, Angle: 30 / 2.5',8,101.8347,12.34455,-1,-1,-1,-1,-1
'AI Level 1 Throttle: 3 / 10, Angle: 14 / 2.5',7,76.96822,12.57342,-1,-1,-1,-1,-1
'AI Level 1 Throttle: 3 / 10, Angle: 15 / 2.5',7,81.12855,12.57342,-1,-1,-1,-1,-1
'AI Level 1 Throttle: 3 / 10, Angle: 16 / 2.5',7,77.15809,12.57342,-1,-1,-1,-1,-1
'AI Level 1 Throttle: 3 / 10, Angle: 17 / 2.5',7,81.44966,12.57342,-1,-1,-1,-1,-1
'AI Level 1 Throttle: 4 / 10, Angle: 22 / 2.5',8,98.48764,12.57342,-1,-1,-1,-1,-1
'AI Level 1 Throttle: 4 / 10, Angle: 23 / 2.5',8,102.6353,12.57342,-1,-1,-1,-1,-1
'AI Level 1 Throttle: 4 / 10, Angle: 24 / 2.5',8,107.7706,12.57342,-1,-1,-1,-1,-1
'AI Level 1 Throttle: 3 / 10, Angle: 13 / 2.5',7,76.81271,12.79408,-1,-1,-1,-1,-1
'AI Level 1 Throttle: 4 / 10, Angle: 21 / 2.5',8,98.8073,12.79408,-1,-1,-1,-1,-1
'AI Level 1 Throttle: 94 / 100',6,90.31134,9.329947,-1,-1,-1,-1,-1
'AI Level 1 Throttle: 96 / 100',6,86.66842,9.329947,-1,-1,-1,-1,-1
'AI Level 1 Throttle: 97 / 100',6,86.65082,9.329947,-1,-1,-1,-1,-1
'AI Level 1 Throttle: 98 / 100',6,90.99892,9.329947,-1,-1,-1,-1,-1
'AI Level 1 Throttle: 91 / 100',6,87.91644,9.603666,-1,-1,-1,-1,-1
'AI Level 1 Throttle: 92 / 100',6,83.6608,9.603666,-1,-1,-1,-1,-1
'AI Level 1 Throttle: 93 / 100',6,84.32319,9.603666,-1,-1,-1,-1,-1
'AI Level 1 Throttle: 99 / 100',7,91.11242,9.886812,-1,-1,-1,-1,-1
'AI Level 1 Throttle: 95 / 100',7,92.79096,10.16891,-1,-1,-1,-1,-1
'AI Level 1 Throttle: 48 / 100',7,99.88012,10.45475,-1,-1,-1,-1,-1
'AI Level 1 Throttle: 49 / 100',7,98.6124,10.45475,-1,-1,-1,-1,-1
'AI Level 1 Throttle: 52 / 100',7,103.0152,10.45475,-1,-1,-1,-1,-1
'AI Level 1 Throttle: 70 / 100',8,106.3149,10.45475,-1,-1,-1,-1,-1
'AI Level 1 Throttle: 71 / 100',8,108.4741,10.45475,-1,-1,-1,-1,-1
'AI Level 1 Throttle: 72 / 100',8,109.6046,10.45475,-1,-1,-1,-1,-1
'AI Level 1 Throttle: 73 / 100',8,103.0795,10.45475,-1,-1,-1,-1,-1
'AI Level 1 Throttle: 74 / 100',8,105.5091,10.45475,-1,-1,-1,-1,-1
'AI Level 1 Throttle: 75 / 100',8,105.4527,10.45475,-1,-1,-1,-1,-1
'AI Level 1 Throttle: 76 / 100',8,110.625,10.45475,-1,-1,-1,-1,-1
'AI Level 1 Throttle: 77 / 100',8,107.1531,10.45475,-1,-1,-1,-1,-1
'AI Level 1 Throttle: 78 / 100',8,107.8805,10.45475,-1,-1,-1,-1,-1
'AI Level 1 Throttle: 79 / 100',8,107.2417,10.45475,-1,-1,-1,-1,-1
'AI Level 1 Throttle: 45 / 100',7,99.13023,10.76016,-1,-1,-1,-1,-1
'AI Level 1 Throttle: 46 / 100',7,99.00695,10.76016,-1,-1,-1,-1,-1
'AI Level 1 Throttle: 47 / 100',7,101.0061,10.76016,-1,-1,-1,-1,-1
'AI Level 1 Throttle: 64 / 100',8,96.87861,10.76016,-1,-1,-1,-1,-1
'AI Level 1 Throttle: 65 / 100',8,108.246,10.76016,-1,-1,-1,-1,-1
'AI Level 1 Throttle: 66 / 100',8,105.0751,10.76016,-1,-1,-1,-1,-1
'AI Level 1 Throttle: 67 / 100',8,106.6793,10.76016,-1,-1,-1,-1,-1
'AI Level 1 Throttle: 68 / 100',8,104.5491,10.76016,-1,-1,-1,-1,-1
'AI Level 1 Throttle: 69 / 100',8,105.9061,10.76016,-1,-1,-1,-1,-1
'AI Level 1 Throttle: 41 / 100',7,96.80107,11.06676,-1,-1,-1,-1,-1
'AI Level 1 Throttle: 42 / 100',7,99.64065,11.06676,-1,-1,-1,-1,-1
'AI Level 1 Throttle: 43 / 100',7,100.7519,11.06676,-1,-1,-1,-1,-1
'AI Level 1 Throttle: 44 / 100',7,98.01347,11.06676,-1,-1,-1,-1,-1
'AI Level 1 Throttle: 61 / 100',8,106.4186,11.06676,-1,-1,-1,-1,-1
'AI Level 1 Throttle: 62 / 100',8,106.6507,11.06676,-1,-1,-1,-1,-1
'AI Level 1 Throttle: 63 / 100',8,105.5072,11.06676,-1,-1,-1,-1,-1
'AI Level 1 Throttle: 80 / 100',9,143.9994,11.06676,-1,-1,-1,-1,-1
'AI Level 1 Throttle: 81 / 100',9,144.6677,11.06676,-1,-1,-1,-1,-1
'AI Level 1 Throttle: 82 / 100',9,138.9796,11.06676,-1,-1,-1,-1,-1
'AI Level 1 Throttle: 83 / 100',9,139.5369,11.06676,-1,-1,-1,-1,-1
'AI Level 1 Throttle: 84 / 100',9,142.0454,11.06676,-1,-1,-1,-1,-1
'AI Level 1 Throttle: 39 / 100',7,91.43504,11.38307,-1,-1,-1,-1,-1
'AI Level 1 Throttle: 40 / 100',7,91.02921,11.38307,-1,-1,-1,-1,-1
'AI Level 1 Throttle: 57 / 100',8,107.7491,11.38307,-1,-1,-1,-1,-1
'AI Level 1 Throttle: 58 / 100',8,107.1404,11.38307,-1,-1,-1,-1,-1
'AI Level 1 Throttle: 59 / 100',8,106.9547,11.38307,-1,-1,-1,-1,-1
'AI Level 1 Throttle: 60 / 100',8,108.034,11.38307,-1,-1,-1,-1,-1
'AI Level 1 Throttle: 85 / 100',9,143.0478,11.38307,-1,-1,-1,-1,-1
'AI Level 1 Throttle: 87 / 100',9,130.9307,11.38307,-1,-1,-1,-1,-1
'AI Level 1 Throttle: 88 / 100',9,137.1481,11.38307,-1,-1,-1,-1,-1
'AI Level 1 Throttle: 29 / 100',6,72.16718,11.69567,-1,-1,-1,-1,-1
'AI Level 1 Throttle: 35 / 100',7,87.8459,11.69567,-1,-1,-1,-1,-1
'AI Level 1 Throttle: 36 / 100',7,81.12811,11.69567,-1,-1,-1,-1,-1
'AI Level 1 Throttle: 37 / 100',7,92.19671,11.69567,-1,-1,-1,-1,-1
'AI Level 1 Throttle: 38 / 100',7,91.86461,11.69567,-1,-1,-1,-1,-1
'AI Level 1 Throttle: 51 / 100',8,105.2423,11.69567,-1,-1,-1,-1,-1
'AI Level 1 Throttle: 53 / 100',8,103.6786,11.69567,-1,-1,-1,-1,-1
'AI Level 1 Throttle: 54 / 100',8,106.5462,11.69567,-1,-1,-1,-1,-1
'AI Level 1 Throttle: 55 / 100',8,107.8045,11.69567,-1,-1,-1,-1,-1
'AI Level 1 Throttle: 56 / 100',8,106.8911,11.69567,-1,-1,-1,-1,-1
'AI Level 1 Throttle: 27 / 100',6,70.94542,12.00639,-1,-1,-1,-1,-1
'AI Level 1 Throttle: 33 / 100',7,87.85004,12.00639,-1,-1,-1,-1,-1
'AI Level 1 Throttle: 34 / 100',7,80.71906,12.00639,-1,-1,-1,-1,-1
'AI Level 1 Throttle: 50 / 100',8,102.2554,12.00639,-1,-1,-1,-1,-1
'AI Level 1 Throttle: 26 / 100',6,67.99465,12.31977,-1,-1,-1,-1,-1
'AI Level 1 Throttle: 32 / 100',7,84.62569,12.31977,-1,-1,-1,-1,-1
'AI Level 1 Throttle: 24 / 100',6,65.14687,12.63219,-1,-1,-1,-1,-1
'AI Level 1 Throttle: 25 / 100',6,68.99498,12.63219,-1,-1,-1,-1,-1
'AI Level 1 Throttle: 30 / 100',7,79.38659,12.63219,-1,-1,-1,-1,-1
'AI Level 1 Throttle: 31 / 100',7,77.25191,12.63219,-1,-1,-1,-1,-1
'AI Level 1 Throttle: 22 / 100',6,65.73669,12.95691,-1,-1,-1,-1,-1
'AI Level 1 Throttle: 23 / 100',6,65.33392,12.95691,-1,-1,-1,-1,-1
'AI Level 1 Throttle: 28 / 100',7,73.99204,13.27771,-1,-1,-1,-1,-1
'AI Level 1 Throttle: 89 / 100',11,147.9395,13.60216,-1,-1,-1,-1,-1
'AI Level 1 Throttle: 90 / 100',10,141.7136,15.19308,-1,-1,-1,-1,-1
'AI Level 1 Throttle: 86 / 100',11,146.7084,16.19308,-1,-1,-1,-1,-1
'AI Level 1, throttle=.4f, angle=8f, offset=31',64,1012.834,46.51929,15.56377,17.36016,-1,-1,-1
'AI Level 2',88,0,4.010573,-1,-1,-1,-1,-1
'AI Level 2',88,0,4.010547,-1,-1,-1,-1,-1
'AI Level 2',88,1429,76.61799,17.78389,23.65464,24.47887,10.70059,76.61799
'AI Level 1, throttle=.4f, angle=8f, offset=31',61,994.4086,43.98363,15.57668,17.35337,-1,-1,-1
'AI Level 2',88,1429,75.96747,17.67483,22.6385,24.93962,10.71452,75.96747
'Human',76,1296.059,54.73074,13.61545,17.17665,14.9439,-1,-1
'AI Level 2',88,0,4.005099,-1,-1,-1,-1,-1
'AI Level 2',88,0,4.004161,-1,-1,-1,-1,-1
'AI Level 1c Throttle: Follow Distance: 0',10,0,13.4757,-1,-1,-1,-1,-1
'AI Level 1c Throttle: Follow Distance: 3',11,211.0777,13.99782,-1,-1,-1,-1,-1
'AI Level 1c Throttle: Follow Distance: 2',11,213.5811,14.16467,-1,-1,-1,-1,-1
'AI Level 1c Throttle: Follow Distance: 1',12,213.2965,14.802,-1,-1,-1,-1,-1
'AI Level 1c Throttle: Follow Distance: 4',11,146.0131,16.75465,-1,-1,-1,-1,-1
'AI Level 1c Throttle: Follow Distance: 36',61,995.2721,42.5596,15.46656,17.09874,-1,-1,-1
'AI Level 1c Throttle: Follow Distance: 37',62,1002.083,42.93546,15.42856,17.05647,-1,-1,-1
'AI Level 1c Throttle: Follow Distance: 31',59,917.7713,43.64526,15.69181,17.61211,-1,-1,-1
'AI Level 1c Throttle: Follow Distance: 39',63,993.0255,43.76289,15.34442,17.01731,-1,-1,-1
'AI Level 1c Throttle: Follow Distance: 24',59,1010.578,44.7209,16.10445,19.36031,-1,-1,-1
'AI Level 1c Throttle: Follow Distance: 17',58,928.9066,44.72922,16.56615,19.77634,-1,-1,-1
'AI Level 1c Throttle: Follow Distance: 18',59,1017.847,46.0609,16.46606,19.77554,-1,-1,-1
'AI Level 1c Throttle: Follow Distance: 26',61,1002.136,46.72322,15.99223,19.69359,-1,-1,-1
'AI Level 1c Throttle: Follow Distance: 21',59,926.2881,46.8213,16.2223,21.1218,-1,-1,-1
'AI Level 1c Throttle: Follow Distance: 16',60,1007.05,47.73406,16.70416,19.86164,-1,-1,-1
'AI Level 1c Throttle: Follow Distance: 23',60,1006.125,48.12098,16.18472,20.75826,-1,-1,-1
'AI Level 1c Throttle: Follow Distance: 22',60,1006.112,48.24052,16.2223,20.90449,-1,-1,-1
'AI Level 1c Throttle: Follow Distance: 19',60,995.8362,48.98898,16.3887,21.1224,-1,-1,-1
'AI Level 1c Throttle: Follow Distance: 25',63,999.4443,50.55887,16.02935,20.57498,-1,-1,-1
'AI Level 1c Throttle: Follow Distance: 35',88,1429,59.80772,15.50601,17.19926,18.09802,9.004443,59.80772
'AI Level 1c Throttle: Follow Distance: 34',88,1429,60.7462,15.57138,17.25124,19.14882,8.774766,60.7462
'AI Level 1c Throttle: Follow Distance: 32',88,1429,61.89037,15.64293,17.50078,20.30584,8.440811,61.89037
'AI Level 1c Throttle: Follow Distance: 38',88,1429,61.9658,15.38934,17.04053,21.29524,8.240685,61.9658
'AI Level 1c Throttle: Follow Distance: 33',88,1429,62.12854,15.58591,17.37514,19.73835,9.429138,62.12854
'AI Level 1c Throttle: Follow Distance: 30',88,1429,63.18969,15.74652,17.87687,20.06666,9.499645,63.18969
'AI Level 1c Throttle: Follow Distance: 29',88,1429,63.69246,15.80206,18.36075,20.04051,9.489135,63.69246
'AI Level 1c Throttle: Follow Distance: 28',88,1429,64.0625,15.87128,18.97883,18.77971,10.43268,64.0625
'AI Level 1c Throttle: Follow Distance: 27',88,1429,64.44848,15.90905,19.81562,19.26763,9.456178,64.44848
'AI Level 1c Throttle: Follow Distance: 20',88,1429,66.00516,16.27069,21.25712,19.07337,9.403984,66.00516
'AI Level 1c Throttle: Follow Distance: 14',88,1429,69.50661,16.96134,20.12162,22.72476,9.698891,69.50661
'AI Level 1c Throttle: Follow Distance: 13',88,1429,71.08178,17.1212,21.00587,21.98285,10.97187,71.08178
'AI Level 1c Throttle: Follow Distance: 15',88,1429,71.34156,16.66497,21.52125,23.2616,9.893742,71.34156
'AI Level 1c Throttle: Follow Distance: 11',88,1429,71.52649,17.46478,20.64191,22.34026,11.07954,71.52649
'AI Level 1c Throttle: Follow Distance: 10',88,1429,73.68941,17.80739,20.77888,22.67887,12.42427,73.68941
'AI Level 1c Throttle: Follow Distance: 5',61,963.4412,74.55325,23.04596,33.30427,-1,-1,-1
'AI Level 1c Throttle: Follow Distance: 12',88,1429,74.75057,17.70567,21.23578,24.48668,11.32243,74.75057
'AI Level 1c Throttle: Follow Distance: 9',88,1429,77.06438,18.42892,22.6976,24.3778,11.56007,77.06438
'AI Level 1c Throttle: Follow Distance: 8',88,1429,81.30384,20.24879,23.83454,24.78568,12.43484,81.30384
'AI Level 1c Throttle: Follow Distance: 7',88,1429,86.64407,21.4044,26.44458,25.21912,13.57597,86.64407
'AI Level 1c Throttle: Follow Distance: 6',88,1429,94.76554,22.14757,27.99815,28.25542,16.3644,94.76554
